{"cameraMode":{"drawMode":0,"name":"Shaded","section":"Shading Mode"},"sceneLighting":true,"audioPlay":false,"sceneViewState":{"m_AlwaysRefresh":false,"showFog":true,"showSkybox":true,"showFlares":true,"showImageEffects":true,"showParticleSystems":true,"showVisualEffectGraphs":true,"m_FxEnabled":true},"in2DMode":false,"pivot":{"x":2.945733070373535,"y":1.3242771625518799,"z":2.3721845149993898},"rotation":{"x":-0.2942311465740204,"y":-0.030962396413087846,"z":0.009535259567201138,"w":-0.9551919102668762},"size":10.819084167480469,"orthographic":false}